#FIRST_NAME,LAST_NAME,Sentence
Newman,Bohannon,NewmanA
Boruff,Boruff,Boruff
Boruff,Boruff,Bank Of Ámericà
Boruff,Boruff,Bank Of Ámericà
Bohannon,Bohannon,Boa
Bohannon,Bohannon,Boamerica
Bohannon,Bohannon,America
Henry,Folger,America America
Henry,Folger,NewmanA
Henry,Folger,
Herby,Henry,Badminton Products For Great Prices In America And india
Herby,Henry,Badminton Products For Great Prices In America And india
Herby,Henry,
Justice,Justice,
Justice,Justice1,
Justice,Justice,
Justice,Justice,
Justice,Justice,
Justice,Justice,
Karol,Karol,
Karol,Karol,
Karol,Karol,
Kennedy,Bohannon,
Bohannon,Bohannon,
Newman,Bohannon,
Boruff,Boruff,
Boruff,Boruff,
Boruff,Boruff,
Bohannon,Bohannon,
Bohannon,Bohannon,
Bohannon,Bohannon,
Henry,Folger,
Patric,Folger,
Henry,Folger,
Balasubraman,Balasubramania,
Rajes,Balasubramania,
Boruff,,
Balasubraman,Balasubramania,
Balasubraman,Balasubramania,
Balasubraman,Balasubramania,
Balasubraman,Balmania,
Sundarajan,Balasubramania,
Balasubraman,Balasubrania,
Sunarajan,Balu,
Balasubraman,Bala,
